{
	"env": {
		"mu": 25.0,
		"sigma": 8.333333334,
		"beta": 4.166666666666667,
		"tau": 0.08333333333333334,
		"draw": 0		
	},
	"players": [
		{
			"name": "A",
			"mu": 100.0,
			"sigma": 1000.0
		},
		{
			"name": "B",
			"mu": 50.0,
			"sigma": 1000.0
		}
	]
}
